{"cameraMode":{"drawMode":0,"name":"Shaded","section":"Shading Mode"},"sceneLighting":true,"audioPlay":false,"sceneViewState":{"showFog":true,"showMaterialUpdate":true,"showSkybox":true,"showFlares":true,"showImageEffects":true,"showParticleSystems":true},"in2DMode":false,"pivot":{"x":-1.9837020635604859,"y":-30.538057327270509,"z":71.66533660888672},"rotation":{"x":0.20053021609783173,"y":-0.0029370191041380169,"z":0.0006086476496420801,"w":0.9796905517578125},"size":47.85209274291992,"orthographic":false}