{"cameraMode":{"drawMode":0,"name":"Shaded","section":"Shading Mode"},"sceneLighting":true,"audioPlay":false,"sceneViewState":{"showFog":true,"showMaterialUpdate":true,"showSkybox":true,"showFlares":true,"showImageEffects":true,"showParticleSystems":true},"in2DMode":false,"pivot":{"x":-0.10050636529922486,"y":1.2889972925186158,"z":0.3416372835636139},"rotation":{"x":-0.208634153008461,"y":0.7204415202140808,"z":-0.24460546672344209,"w":-0.6144943237304688},"size":3.035862922668457,"orthographic":false}